Type,X,Y,Z,U,V,W,Energy,Weight,Cell,Material,Time
1000,0.0,0.0,0.0,0.5084767248040969,0.4732778434307386,0.7193465807592665,14.0,1.0,30.0,6.0,0.0
3000,26.15378917613522,24.343314718274275,37.0,0.5084767248040969,0.4732778434307386,0.7193465807592665,14.0,1.0,20.0,1.0,1.0049448587218393
4000,28.567735930838523,26.59015800232582,40.41503211341633,0.5084767248040969,0.4732778434307386,0.7193465807592665,14.0,1.0,20.0,1.0,1.0976994253366426
5000,28.567735930838523,26.59015800232582,40.41503211341633,0.5084767248040969,0.4732778434307386,0.7193465807592665,14.0,1.0,20.0,1.0,1.0976994253366426
2000,28.567735930838523,26.59015800232582,40.41503211341633,0.642856370810797,-0.7253814472074853,0.24608421841951877,2.4291365956879014,1.0,20.0,1.0,1.0976994253366426
4000,42.257788340217694,11.142679405299527,45.65555861397091,0.9570266278037417,-0.28522811850171825,-0.052392309460151276,1.2747845977230179,1.0,20.0,1.0,1.1687340998415632
4000,44.316991254312214,10.52896338556002,45.54282779417745,0.5146058939309042,0.184133329547994,0.8374220506298747,0.5013024176989834,1.0,20.0,1.0,1.175911288445149
4000,45.7873967077314,11.055095431688425,47.9356296734054,-0.7533330895411703,0.6556655919821606,0.050910585274952375,0.22333075215702006,1.0,20.0,1.0,1.1854423568163968
4000,38.756944116410445,17.17406979268263,48.4107507866834,-0.7173095343994648,0.6690974200742497,0.19435965195895524,0.22225954616309826,1.0,20.0,1.0,1.2165720955929538
4000,36.25901371582921,19.504108229928843,49.087581164633306,0.3082462648784441,-0.7040990671169066,0.6397098903984446,0.13196578832602543,1.0,20.0,1.0,1.2281879983134423
4000,37.24613241372778,17.249322256778058,51.13616914766034,0.6147488068569695,0.29516927342247756,-0.7314089174293539,0.0951975501288861,1.0,20.0,1.0,1.2388699544863166
4000,42.338193072448775,19.694255582541402,45.07779451994633,0.02599767663255686,-0.8607307377131477,-0.5083962214311688,0.08587928163079313,1.0,20.0,1.0,1.2664995871007476
4000,42.68233085853007,8.30054626477172,38.34802583452771,0.7826464388043559,0.6171141676706993,0.08145339702529256,0.0692256552038781,1.0,20.0,1.0,1.3106542993768229
4000,45.10168529048812,10.208199353769459,38.5998185052926,-0.40543610745159514,-0.8954383928896055,0.1838794368976031,0.05585204390243458,1.0,20.0,1.0,1.3209655921776056
4000,44.43627170061022,8.738579690951676,38.90160681166679,-0.7188770680368756,-0.08628113679518812,-0.6897617896665746,0.05046764422316713,1.0,20.0,1.0,1.326440142837133
4000,43.63516617433065,8.642429321752859,38.13294690291861,-0.3191560051944361,0.2614076099884714,-0.9109366090944226,0.049846907221124524,1.0,20.0,1.0,1.3301573291889626
4000,43.34747629058162,8.878064320639622,37.31182104939299,0.7221400427207152,-0.0922763362227243,0.6855646114500332,0.042068726116481214,1.0,20.0,1.0,1.3331641033296473
4000,43.99836753565127,8.79489228222421,37.92974551988933,-0.2699960006023376,0.1951148265369936,-0.9428851277457833,0.03621187693491689,1.0,20.0,1.0,1.3361706381563143
4000,43.982647562969625,8.806252449545585,37.874847934676865,-0.2699960006023376,0.1951148265369936,-0.9428851277457833,0.03621187693491689,1.0,20.0,1.0,1.336364849097135
5000,43.982647562969625,8.806252449545585,37.874847934676865,-0.2699960006023376,0.1951148265369936,-0.9428851277457833,0.03621187693491689,1.0,20.0,1.0,1.336364849097135
2000,43.982647562969625,8.806252449545585,37.874847934676865,-0.7687911986456496,-0.6073862326258825,0.2001051156305681,0.03621187693491689,1.0,20.0,1.0,1.336364849097135
5000,43.9817833455265,8.805030881928719,37.875197402456294,-0.8651004498517603,0.5015671553439002,-0.005621418549630525,0.0009500411911578257,1.0,20.0,1.0,1.3364063603176597
2000,43.981398357162085,8.805442629506258,37.87563985396628,-0.23698568568918693,-0.5116585648334877,-0.8258591270979342,0.003463885711907362,1.0,20.0,1.0,1.3363847970359297
5000,43.981406777666095,8.805406274279722,37.87562245100582,-0.5628181645921301,-0.5822770510709561,0.5866763583111709,0.0009712060795994431,1.0,20.0,1.0,1.3363865563139838
2000,43.99836753565127,8.79489228222421,37.92974551988933,0.531912944292951,-0.14500927107302983,0.8342906753622941,0.005856849181564323,1.0,20.0,1.0,1.3361706381563143
5000,43.9983194187212,8.794924470677984,37.929837617750124,-0.47009384697347933,-0.8185656471428913,0.3300940113895053,0.0007786268344142189,1.0,20.0,1.0,1.3361748203150623
2000,43.34747629058162,8.878064320639622,37.31182104939299,-0.5194251263276394,0.18978120584186398,-0.8331750308600973,0.00777818110464331,1.0,20.0,1.0,1.3331641033296473
5000,43.34742672498963,8.87808607868647,37.31165311353999,-0.4641233392211699,-0.49159527070065534,-0.7368335061701119,0.0008636826015167196,1.0,20.0,1.0,1.3331697966787681
2000,44.43627170061022,8.738579690951676,38.90160681166679,0.20787274186053417,-0.6960445382710022,0.6872488078814626,0.005384399679267453,1.0,20.0,1.0,1.326440142837133
5000,44.43627533994279,8.738586505806643,38.90164548539144,-0.7693926463667442,-0.5484232311828569,-0.32751628236735536,0.0008913604721384926,1.0,20.0,1.0,1.3264430777515912
2000,44.43627701281485,8.738564976562698,38.90163951430214,0.7486647460549845,-0.637435341035741,-0.18214632582919238,0.0010042627573788134,1.0,20.0,1.0,1.3264410986526887
5000,44.4362774109735,8.738564646730966,38.901639386805236,0.7440207694364512,-0.599094474151265,-0.29583594387533485,0.0009707624694853165,1.0,20.0,1.0,1.3264411270784193
2000,45.10168529048812,10.208199353769459,38.5998185052926,0.6374894367876954,0.7694999879843973,-0.0384315817540678,0.013373611301443523,1.0,20.0,1.0,1.3209655921776056
5000,45.101735118516096,10.208260823055632,38.599808724683626,0.5019713357168688,-0.0681050423235022,-0.8621986321774913,0.0009693484858446303,1.0,20.0,1.0,1.3209735421790907
2000,42.68233085853007,8.30054626477172,38.34802583452771,-0.3795305490568218,-0.8521853649455116,-0.360189764020735,0.016653626426915022,1.0,20.0,1.0,1.3106542993768229
5000,42.682429410973874,8.300082499199283,38.34782947854686,0.5840319332556663,-0.7599652710042412,-0.28523584593297446,0.000992988048452481,1.0,20.0,1.0,1.3106653088626932
2000,42.682312851692146,8.30033219918653,38.347936842397395,0.33187194292393535,-0.5384948535424418,0.7745219856196441,0.005629594460113616,1.0,20.0,1.0,1.3106580015666585
5000,42.68233320769739,8.300356356966772,38.347954142546016,0.06707574987521805,-0.3249094302574591,-0.9433635067716214,0.0008234646324034151,1.0,20.0,1.0,1.3106611950553866
2000,42.68232736705873,8.300538425137237,38.348022520980905,0.7571693308917258,-0.5231719362717138,0.3911339022057309,0.00172199302697,1.0,20.0,1.0,1.3106544224896675
4000,42.68465589390481,8.298929511715865,38.34922537713809,0.7571693308917258,-0.5231719362717138,0.3911339022057309,0.00172199302697,1.0,20.0,1.0,1.310664680602484
5000,42.68465589390481,8.298929511715865,38.34922537713809,0.7571693308917258,-0.5231719362717138,0.3911339022057309,0.00172199302697,1.0,20.0,1.0,1.310664680602484
2000,42.68465589390481,8.298929511715865,38.34922537713809,0.02204607505530516,-0.7715833144562938,-0.6357461438556242,0.00172199302697,1.0,20.0,1.0,1.310664680602484
5000,42.684660309955376,8.29892937358007,38.34921616381749,-0.2941803613891226,0.853921524206853,-0.4292737418818099,0.000989328470545968,1.0,20.0,1.0,1.3106653843945801
2000,42.338193072448775,19.694255582541402,45.07779451994633,0.47153491452220586,0.8545971523082985,-0.21752823185297804,0.009318268498092974,1.0,20.0,1.0,1.2664995871007476
5000,42.33827249817293,19.694362411217977,45.077703532690386,0.2556502101500471,0.9079231565196295,0.3321423067085394,0.000990314894282048,1.0,20.0,1.0,1.2665051856164564
2000,42.338210349855345,19.694273301410902,45.07778486561195,0.867038560185438,-0.4708108195465158,-0.16303774823488373,0.0010083563805516735,1.0,20.0,1.0,1.2665000728661413
5000,42.33821054881865,19.694272165404794,45.07778494390362,-0.1711848002603791,-0.9740816448224743,-0.14785368909755975,0.0009919293417510302,1.0,20.0,1.0,1.2665001438833439
2000,37.24613241372778,17.249322256778058,51.13616914766034,-0.09071605991042164,-0.6152067008845514,0.7831291794212977,0.03676823819713933,1.0,20.0,1.0,1.2388699544863166
5000,37.24719179512316,17.248967534040514,51.13761228177244,0.13889144004755444,0.8114903132956929,-0.5676201540720477,0.0009910409281153431,1.0,20.0,1.0,1.2388996572418416
2000,37.24716776235938,17.24894206963458,51.137621604304584,0.6863655901729695,-0.6194934756187367,-0.380959460169096,0.0011631478739825838,1.0,20.0,1.0,1.2388968070279303
5000,37.247167971423046,17.248941880939842,51.13762148826616,0.5927926423909169,0.6101645185818287,-0.5256387955535623,0.0009667223467901178,1.0,20.0,1.0,1.2388968221121932
2000,37.24678856998034,17.24895575276603,51.13728966034665,0.925243648372472,-0.34212229595668225,-0.16394061655284115,0.003244987466660665,1.0,20.0,1.0,1.2388849639166093
5000,37.246821981794795,17.24894547606711,51.13729436799549,-0.4906508944931445,0.7694313384417782,-0.408946347528341,0.0009784960570981191,1.0,20.0,1.0,1.2388864341624088
2000,36.25901371582921,19.504108229928843,49.087581164633306,-0.6323914894630523,0.7636166816960708,-0.13027113068590407,0.09029375783707283,1.0,20.0,1.0,1.2281879983134423
5000,36.2569647152021,19.510386330204014,49.088682531605734,0.7358434079959333,0.46708499807890336,-0.49027143857108524,0.000978689642091229,1.0,20.0,1.0,1.2283088408459315
2000,36.25655070741921,19.511044203684467,49.089117260989134,0.812009184195037,-0.1820299162961315,0.5545324105551759,0.002150187477568751,1.0,20.0,1.0,1.228289280418603
5000,36.25656445056828,19.511048866190276,49.089122777466564,0.3364775933627385,-0.7488980130400268,0.5709068183421174,0.0008178484470929331,1.0,20.0,1.0,1.2282900211105852
2000,36.256296059137156,19.511223235676212,49.08897988895733,0.7011818846032013,-0.6914084081823689,0.17406429214237473,0.001779869749053066,1.0,20.0,1.0,1.2282854952599418
5000,36.25629225908376,19.51121909866329,49.088977828563706,-0.7747161853063538,-0.31192578689717354,-0.5500155776820785,0.0008787850772881132,1.0,20.0,1.0,1.2282859525779914
2000,36.25466745764936,19.511103136718297,49.08714089525062,-0.2872031394940282,0.8096003915570874,0.5119194884504639,0.003552820730548739,1.0,20.0,1.0,1.228260378306004
5000,36.25464441027794,19.51111035153764,49.08714072687154,0.5171798130997582,0.3436199555305536,0.7838688455878824,0.0008523236163911664,1.0,20.0,1.0,1.2282615192783664
2000,36.25372819310901,19.509915121160944,49.08662778438343,0.09754633123868928,0.6354865334161807,0.7659253090925756,0.0012473577223112158,1.0,20.0,1.0,1.2282444034944096
5000,36.25372859929267,19.509915911532605,49.086629031128034,0.8214289081942323,0.5598430169016891,-0.10876739037618982,0.0009624988089603924,1.0,20.0,1.0,1.2282444829690347
2000,36.255016197559165,19.507272515653224,49.08672877724836,-0.6274028070004531,-0.3551307343952812,0.6929991913817939,0.0011179179322632282,1.0,20.0,1.0,1.2282225173731378
5000,36.255015286596034,19.507271982438773,49.08672976611066,-0.6384429956158161,-0.4272837605336243,0.6401711719011933,0.0009907142361525818,1.0,20.0,1.0,1.2282225917108973
2000,36.25634828616811,19.506309784133048,49.08709070631424,-0.15761230257757808,-0.43432328551228055,-0.8868605559714626,0.0014469439802099774,1.0,20.0,1.0,1.2282109630916145
5000,36.256349672446156,19.50631039401876,49.08709011095274,0.7090172927980953,0.7011522982179409,0.07536533166489354,0.0009044204847080165,1.0,20.0,1.0,1.228211092681915
2000,36.258700744894504,19.504486144291405,49.08751669337109,-0.8451659357702941,-0.47851301237675004,-0.23815927023664551,0.0070723627200820725,1.0,20.0,1.0,1.2281911305024598
5000,36.25862887677812,19.504504660617876,49.08748854433844,-0.21843870881641805,-0.8634447014428455,0.45469525843238273,0.0009966360303179564,1.0,20.0,1.0,1.2281953939552834
2000,38.756944116410445,17.17406979268263,48.4107507866834,-0.266230766649036,-0.0689624873157646,-0.9614392098477624,0.0010712059939217977,1.0,20.0,1.0,1.2165720955929538
5000,38.75694397438175,17.174069755892546,48.41075027377517,-0.020580643872669863,-0.17922563734537966,-0.9835927043324026,0.0009863277675938764,1.0,20.0,1.0,1.2165721233679045
2000,45.7873967077314,11.055095431688425,47.9356296734054,0.7189935227202219,-0.09130276814841017,0.6889935549878557,0.2779716655419634,1.0,20.0,1.0,1.1854423568163968
5000,45.75857164958155,11.028127761879714,47.94118043344436,0.7966357847177251,-0.46609944800126735,0.3848671603035107,0.000979865809304504,1.0,20.0,1.0,1.185893470112025
2000,45.758539312335536,11.02806889628478,47.94126039761429,0.9655817625048573,0.1969611909438216,-0.16987686475799058,0.0010989379354016725,1.0,20.0,1.0,1.1858885637916357
5000,45.75854258827847,11.02806891129043,47.94126062387614,0.9055834131060705,-0.42045298899782824,0.0560175503744294,0.0009834125911299607,1.0,20.0,1.0,1.185888749373387
2000,45.757279926288874,11.02880400171152,47.94165840861694,-0.6954663865317974,0.01697893170655418,-0.7183580034234385,0.0012677337406873275,1.0,20.0,1.0,1.1858604213380828
5000,45.757277868523246,11.02880318815318,47.94165562925386,-0.3341546648979282,0.04359987738383919,-0.9415092727207033,0.000990017252569549,1.0,20.0,1.0,1.1858606105543796
2000,45.75725654885892,11.029161120826927,47.94180863936974,0.637230971900061,0.25814998119475097,-0.726151000591787,0.002109179436650274,1.0,20.0,1.0,1.1858564493476278
5000,45.75725792148606,11.029173484727075,47.94180211154163,-0.47599741483757796,0.42119994002374206,-0.7720214191276942,0.0009948359777563246,1.0,20.0,1.0,1.1858571064303798
2000,45.75717167015619,11.028844423630177,47.94270899642717,-0.35078061245367465,-0.40306197755985884,-0.8452774717050968,0.0015771911429385314,1.0,20.0,1.0,1.1858417702826491
5000,45.75716803967119,11.028840097909322,47.94270963332152,0.5301206623009358,-0.8243595237681486,0.19850304525212714,0.0009756664930641302,1.0,20.0,1.0,1.1858421426785912
2000,45.75749735444906,11.026593445677346,47.94317384696628,0.6925516330483406,0.31237021655776087,0.6502284855108504,0.001839001,1.0,20.0,1.0,1.185817979125124
5000,45.75750706727663,11.026596504189035,47.94318237593829,0.265774882203413,0.9395781116640156,0.21576997954220745,0.0009580025498603104,1.0,20.0,1.0,1.1858186706187848
2000,45.757344083600785,11.02450804243631,47.942549096204154,-0.7704954112469032,0.6370312199796223,0.022979251918629276,0.0010870844467333767,1.0,20.0,1.0,1.185800706033881
5000,45.75734302682438,11.024508916159313,47.942549127721456,-0.8173864991705773,0.5050687206760273,0.2771008812117881,0.0009907949919684648,1.0,20.0,1.0,1.1858007776622883
2000,45.75728406430775,11.024217592365659,47.942008484698775,0.13653529089844071,0.9621437376798295,-0.23587611660099456,0.0011488986171018362,1.0,20.0,1.0,1.1857964930551461
5000,45.75728439541601,11.024219272309974,47.94200814317953,0.6125406774834414,0.7391035667416679,-0.28021391124972983,0.0009899107870863402,1.0,20.0,1.0,1.1857965825654697
2000,45.75939221954792,11.028875368136461,47.94050061551285,-0.6196895108849885,-0.47065093850429457,0.6280705407708205,0.0013707858820527067,1.0,20.0,1.0,1.1857508965116417
5000,45.759391460954824,11.02887552673449,47.94050307779813,-0.4919707516953451,0.023024281542354627,0.8703072227298678,0.0009645885706952163,1.0,20.0,1.0,1.1857510248771168
2000,45.76315259562511,11.031461494840133,47.94201426107897,-0.023172084042837396,-0.7879800758906097,0.6152645402755963,0.0011943941178782507,1.0,20.0,1.0,1.1857218750844822
5000,45.7631528560319,11.03145933754981,47.94201682803735,0.09670577971729324,-0.2429834200542148,0.9651979329381241,0.0009555186997460768,1.0,20.0,1.0,1.1857220562309823
2000,45.76466629031306,11.03237229270074,47.9427727740824,0.5022416143375813,-0.18806077950790703,-0.8440299189237659,0.001302188594231868,1.0,20.0,1.0,1.1857113964675479
5000,45.764666784302335,11.03237205260574,47.942771777224955,0.2532918375782687,-0.46941177900662007,-0.845869863954299,0.0009760430833566037,1.0,20.0,1.0,1.1857114505845832
2000,45.76991594817769,11.034808935970602,47.94615136150317,0.2946770134511876,0.39186180886561855,-0.8715559537379426,0.0049036888396785955,1.0,20.0,1.0,1.1856754707263415
5000,45.76993346473085,11.03484503824354,47.946169183063994,-0.3131244247530307,-0.31490998922750285,0.8959825853820027,0.0008915376704669825,1.0,20.0,1.0,1.1856782341396668
2000,45.773676373877144,11.039207699993463,47.94859258128447,0.44717008494556254,0.44993882036872584,-0.7730420254132226,0.00302081776747668,1.0,20.0,1.0,1.1856422487134608
5000,45.77366570811864,11.039203029918957,47.94859855858466,0.18613767548536853,-0.1732044632867576,0.9671364845059096,0.000991391338528487,1.0,20.0,1.0,1.1856435012741193
2000,45.774616060641826,11.041122020219685,47.94932458453938,0.25459522787856703,0.14788559510619528,-0.9556731244005698,0.006595370853799184,1.0,20.0,1.0,1.1856308435274827
5000,45.774609383529835,11.041085203190695,47.94926380148122,0.4178706739795612,-0.5781027214918675,0.7008433086158158,0.0008684313290505593,1.0,20.0,1.0,1.185634474816132
2000,45.77520522164754,11.042684452547103,47.950718457289256,0.4423076146591627,0.8014057771540095,0.4026322818139398,0.001839001,1.0,20.0,1.0,1.1856200028741477
5000,45.77521075656114,11.042682744351193,47.95072469162496,0.8639877044795985,-0.43764891616316226,-0.24897524513349437,0.0009897349931754984,1.0,20.0,1.0,1.185620604812915
2000,45.7752220272303,11.042713347272215,47.95074870664283,0.3781463005627387,0.4727509549449376,-0.7959346141294297,0.0022003382864318804,1.0,20.0,1.0,1.1856197802171562
5000,45.77521473199335,11.042711173320024,47.95074228544212,-0.9673521032420498,-0.1594338400275633,0.1970044644348144,0.0009705414012113315,1.0,20.0,1.0,1.185620395577406
2000,45.77837149488973,11.044510976100133,47.95430609932283,-0.541552309873996,0.805514306828494,0.240557263795443,0.005536481683284328,1.0,20.0,1.0,1.1855942851792791
5000,45.77833691150698,11.044578478171141,47.954318770545775,-0.16827218784617484,0.29297512974941287,0.9411960710424667,0.0009714689499135042,1.0,20.0,1.0,1.185596536483012
2000,45.77915408354753,11.044738437385833,47.954473287782534,-0.15903808814438597,-0.20706288367039616,0.9653143781822988,0.0015184377690229045,1.0,20.0,1.0,1.1855899662442546
5000,45.779150934255135,11.044736977024066,47.95447838389865,-0.7279697108811787,-0.2529726101858353,0.6372322641983363,0.0009970584808683216,1.0,20.0,1.0,1.185590433627121
2000,45.78869800322526,11.046712870549731,47.952495701110806,0.5600086168093614,-0.8248466450963235,-0.0775780972479069,0.0013251834408527815,1.0,20.0,1.0,1.1855382297967578
5000,45.788699190381884,11.04671104195745,47.95249548522415,0.07271793611004979,-0.9949319188752954,-0.06944478793269798,0.0009067547399223088,1.0,20.0,1.0,1.1855383341774155
2000,45.7911751648875,11.049828486971114,47.94830730143167,-0.6964340540689833,-0.6261227521818069,-0.35064213599241056,0.001138804931280704,1.0,20.0,1.0,1.1855106429396587
5000,45.79117474062655,11.049828105543144,47.94830708782385,-0.5529139627600016,-0.7044561101942709,-0.44500307706238273,0.0009739097625296486,1.0,20.0,1.0,1.1855106736834924
2000,45.79155694806116,11.052417166897044,47.94399664020778,-0.14071959601761896,0.6289870776669504,0.7645739018725582,0.01078438730429797,1.0,20.0,1.0,1.1854878923600811
5000,45.79160233165439,11.052509637926375,47.94417736813186,-0.8110948116731278,-0.3200402632554179,0.48959109098546333,0.0009392679165600311,1.0,20.0,1.0,1.1854951082596468
2000,45.79158961777901,11.052480753869274,47.94408817043784,0.9849095243118047,-0.16009384029431076,0.06575097884985687,0.00104295244940545,1.0,20.0,1.0,1.1854913872106023
5000,45.79158961777901,11.052480753869274,47.94408817043784,0.6463712984803087,-0.7627341178336076,0.020995475547550407,0.0009808369096067787,1.0,20.0,1.0,1.1854913872106023
2000,45.79030111298946,11.054571124614387,47.93863876811288,-0.5806560704560676,0.3964584466927378,0.7110972000285894,0.0028189250574693426,1.0,20.0,1.0,1.1854608919980434
5000,45.79031699928013,11.05458034210243,47.938633932858444,0.6162092790042888,0.7372176098432363,-0.2771214899751378,0.0008837364550586886,1.0,20.0,1.0,1.1854620805049167
2000,44.316991254312214,10.52896338556002,45.54282779417745,0.821879534655721,-0.38949303077811737,-0.4157032709630424,0.7734821800240345,1.0,20.0,1.0,1.175911288445149
5000,44.34621934474161,10.625276920568142,45.52072282835572,0.10308557587348313,0.8828376435993718,-0.4582259912867678,0.0009999760575332823,1.0,20.0,1.0,1.1769511544371585
2000,44.34768689533674,10.6240007625573,45.51914043215522,0.09305711912466369,0.05491154811613741,0.994145409114636,0.0010453227417187546,1.0,20.0,1.0,1.1769079204556459
5000,44.34768692015878,10.624000777204396,45.51914069733338,0.11919324328115789,0.24238286696574243,0.9628309906507921,0.0009978966969706093,1.0,20.0,1.0,1.1769079343874138
2000,44.348340361588825,10.624808481873496,45.5192790200055,-0.7250900606271665,0.2785136510116266,-0.6298210461550691,0.002055381581129293,1.0,20.0,1.0,1.1768979235103563
5000,44.34833144736865,10.624806419905125,45.519270215567865,-0.2994629424420273,0.5870328486248557,-0.7521398678034227,0.000975348820032009,1.0,20.0,1.0,1.1768987715611061
2000,44.351186786310585,10.626500582958219,45.51786127826356,0.17753726046373294,-0.5776576506694766,-0.7967384512938068,0.0015642746323944934,1.0,20.0,1.0,1.1768672142584673
5000,44.35118632554635,10.62650071560225,45.51786642106025,-0.5379371651555166,-0.7484773704941261,0.38782113429085463,0.000987344889115375,1.0,20.0,1.0,1.1768675872678667
2000,44.35173672720214,10.626574370979908,45.51789777537283,-0.6330684769431322,-0.47464029833186955,-0.6115070651270814,0.031415426356711205,1.0,20.0,1.0,1.176863714902438
5000,44.35226065680324,10.626319037584496,45.517231333049835,0.1316463666350802,-0.5018094890279099,0.8549014392743353,0.0009314938753056803,1.0,20.0,1.0,1.1768946417378325
2000,44.35243379654183,10.626432347075214,45.51729307563447,0.2720654141505535,-0.9126511600256878,0.30503814601923873,0.004327361415824245,1.0,20.0,1.0,1.1768880947042757
5000,44.352469824561204,10.626388854328477,45.51728572534406,0.9354418808835215,-0.20427293435902638,-0.2884805986153186,0.0009909110818838857,1.0,20.0,1.0,1.176890245962937
2000,44.35235808384079,10.62668970221266,45.516931184289774,-0.24963082264178932,-0.4202074677059436,0.8724162633005772,0.004703209233435016,1.0,20.0,1.0,1.176881950346081
5000,44.35232871211077,10.626685473782302,45.517001935376236,-0.5534154756947207,-0.22723499990094448,0.8013086584341913,0.000999572906908272,1.0,20.0,1.0,1.1768852808245647
2000,44.352357095471156,10.62668787710478,45.51693469957325,0.6896122524904391,-0.30640269675385834,0.6561648639153321,0.0014112546435375484,1.0,20.0,1.0,1.1768820516010579
5000,44.352358063107175,10.626685122626697,45.51693907058743,-0.18468078982905806,-0.48260944288081603,0.856143172320135,0.0009280039626998533,1.0,20.0,1.0,1.1768823105865833
2000,44.352101172634406,10.626758616077733,45.51705243385073,-0.31484478502326524,-0.001244991157438452,-0.9491423556773094,0.0019280996153158325,1.0,20.0,1.0,1.1768782059974152
5000,44.35209204907582,10.626760647329212,45.51704947075975,0.573324438025626,-0.26180264460368396,-0.776375208285992,0.0009948056740215615,1.0,20.0,1.0,1.1768788580464706
2000,44.35191760710503,10.626743630134628,45.51715774962446,0.1983607158034227,0.2630100403225352,-0.9441815212741099,0.0014698659019484624,1.0,20.0,1.0,1.1768756850705828
5000,44.35191680090093,10.626742124086437,45.51715259940745,-0.23924778539898872,-0.38710070144463643,-0.8904569299650319,0.000954582366273755,1.0,20.0,1.0,1.1768759572855774
2000,44.35163021488192,10.626678299267901,45.51719724342558,0.4683084842687928,0.6757127827557516,0.569297285064969,0.0010662055249168495,1.0,20.0,1.0,1.17687230602668
5000,44.3516305967586,10.626680071824392,45.517198311763515,0.36144421570510843,0.867696445594279,0.3412637649038842,0.0009723348333250954,1.0,20.0,1.0,1.1768724171964187
2000,44.35152194622642,10.626598338067106,45.517360790325256,0.1668434494638677,-0.8694361683184393,-0.4650204431965856,0.0023659042121102433,1.0,20.0,1.0,1.176869998742811
5000,44.35152743142785,10.626584128850666,45.51735356179224,-0.08187626257318359,0.8120801070933863,0.5777734653739658,0.0008469388715221503,1.0,20.0,1.0,1.1768707849137994
2000,44.35409872256209,10.626736255107982,45.51898008624553,-0.4464297370265663,0.563686632688738,0.6949517033768767,0.0012370679603463809,1.0,20.0,1.0,1.1768468029007102
5000,44.354097052868134,10.626738623520987,45.51898272767055,0.16513889548438276,0.5261053065115352,0.8342315935389895,0.0009451728586563554,1.0,20.0,1.0,1.1768469996770992
2000,44.354244719859906,10.626672277829552,45.519097986340896,-0.3512945420094983,-0.11019509222725653,0.9297575955072178,0.0011494564097960114,1.0,20.0,1.0,1.1768456079266874
5000,44.35424397786372,10.626671968283931,45.51909995748452,0.33953894465152357,0.4096074044072485,0.8467201895075409,0.0009001846867113303,1.0,20.0,1.0,1.1768457151830862
2000,44.35961461427031,10.625956750064908,45.5185975951281,-0.5439191065412833,0.10549850225225392,-0.8324794721564389,0.0011182094776238526,1.0,20.0,1.0,1.176810580366795
5000,44.35961427965991,10.625956835108854,45.51859709368854,-0.1936873561835266,0.054690781185867815,-0.9795377106104262,0.0008498193239217462,1.0,20.0,1.0,1.1768106111335295
2000,44.36056743432265,10.625369001520532,45.51808436457167,-0.07761556886227869,-0.9968520628579798,-0.01617987163036784,0.0025833859223205707,1.0,20.0,1.0,1.1768035660298675
5000,44.36056142330838,10.625348707095345,45.518081088862914,-0.44603192807377307,-0.8801127186065252,0.16265645294861275,0.0008977327474912504,1.0,20.0,1.0,1.1768044812904883
2000,44.36201087970892,10.625587681797317,45.5165383765663,0.7246145633374825,-0.06336270298111583,0.6862353112964649,0.001034681366136045,1.0,20.0,1.0,1.176791752699242
5000,44.36201112018351,10.625587898414405,45.516538679580364,0.1769178679886354,0.8754540255269149,0.44975584173535244,0.0009745068132091661,1.0,20.0,1.0,1.1767917807291397
2000,44.36514396704443,10.624027689422146,45.51117911128758,0.719887423198014,-0.3540136980143719,0.5970229472470152,0.001086807839128921,1.0,20.0,1.0,1.1767568239847304
5000,44.36514443322482,10.624027350169337,45.51117970371813,0.45801423333800967,-0.41071399501324896,0.7883761642515913,0.0009990990601049523,1.0,20.0,1.0,1.1767568673586632
2000,44.36303888199926,10.622985323043284,45.500923455647296,0.7353726115462517,-0.40120320620787453,-0.5461346990589113,0.008735160069307728,1.0,20.0,1.0,1.1766978333001634
5000,44.363098985227,10.622917913685093,45.50085236198343,0.3257700875409793,-0.03399047182172957,0.9448378156535009,0.000822059009786267,1.0,20.0,1.0,1.1767036887662636
2000,44.35799150586166,10.618771352142613,45.4968204126793,-0.11488154269155199,0.6828711607870707,-0.721449380701188,0.001263948355190462,1.0,20.0,1.0,1.1766577994763836
5000,44.357992369144675,10.61877275996961,45.49681584018572,0.47368271202376866,0.10234460175261598,-0.8747286841197708,0.000979852900605992,1.0,20.0,1.0,1.1766580680548342
2000,44.35551911563479,10.61515943284428,45.49383169784548,0.9263469848592072,-0.36246271928014423,-0.1024794651347258,0.001255029649893518,1.0,20.0,1.0,1.1766323226284978
5000,44.355524376774916,10.615158350491148,45.49383009272377,0.9526377275032073,-0.30398824001899893,0.008515284356762243,0.0009306481138543032,1.0,20.0,1.0,1.17663260975218
2000,44.354681029833536,10.614359565646513,45.49285596665066,-0.33200905381118223,0.6408719495196074,0.6921366429443981,0.001652750669430732,1.0,20.0,1.0,1.1766251497045013
5000,44.3546803402614,10.614362184137615,45.49285832606785,0.2051168255390326,0.9507436536495982,0.2324082462517268,0.0009652751756228047,1.0,20.0,1.0,1.1766253098802986
2000,44.3535260553743,10.613052204785758,45.49166273552746,-0.8096029071049187,0.4544407821902187,0.37151945883036414,0.001839001,1.0,20.0,1.0,1.1766150738562644
5000,44.35351889766466,10.613050747311076,45.49166940784067,-0.2404419915380393,-0.0253317851005818,0.9703329064650126,0.0009416442011920691,1.0,20.0,1.0,1.1766157480275654
2000,44.34069282876379,10.598715912051862,45.487213118162835,-0.773550473024481,0.4884592359492058,-0.4037663191742466,0.00577701463437865,1.0,20.0,1.0,1.1765210910659045
5000,44.34064818412971,10.598780401519628,45.48723102469384,0.18141301518391667,0.3331435228841093,0.9252592669529148,0.0009925389512674767,1.0,20.0,1.0,1.1765243011205557
2000,44.340420004028104,10.59780355313364,45.48689857743608,-0.9418863438411117,0.24093975326132688,0.2340900480242458,0.0011923989126510883,1.0,20.0,1.0,1.1765167052544163
5000,44.34041720383518,10.597804290826145,45.486900037518076,-0.7967946905632052,0.3588505562121782,0.4861527531512047,0.0009758037496101325,1.0,20.0,1.0,1.176516874234265
2000,44.3396716674772,10.595087830321045,45.48602167157532,0.9906774200657243,-0.007041469921731464,-0.1360465621515728,0.00451788441252153,1.0,20.0,1.0,1.1765038124146834
5000,44.339700406229056,10.595100708225758,45.48604761960309,0.39345367792739666,-0.06911891237173924,0.9167424825314643,0.0008638995038926261,1.0,20.0,1.0,1.1765062248194451
2000,44.33777483923414,10.584713857442436,45.486411194522724,0.4887005657508955,0.8282614207974331,-0.2741437138680592,0.2029337006496816,1.0,20.0,1.0,1.1764602417679797
4000,53.0684310011348,25.381638976689548,40.588822215776766,-0.6529296593138754,-0.7414662381466833,0.1546307785561229,0.11703058557699195,1.0,20.0,1.0,1.2360515993237255
4000,40.59326252772023,11.214850707415668,43.54326759307822,0.2855534984746329,-0.9557563185467608,-0.07063327167022936,0.10518508438024997,1.0,20.0,1.0,1.2997838504466273
4000,43.50768230760181,1.4601983063808088,42.82236938950831,0.8663806833802243,0.49481264661898683,-0.0674162904017196,0.08385039518665346,1.0,20.0,1.0,1.3338281071586684
4000,44.93868608801484,2.2774819571950724,42.71101768433191,0.5329205631563253,-0.774031342976915,-0.34186423248783776,0.07356722903060861,1.0,20.0,1.0,1.3393375953492825
4000,45.92065240647028,0.8512417991300791,42.08109423045084,0.618630549873975,-0.1653177554042887,0.7680926262572183,0.06585690962735617,1.0,20.0,1.0,1.3454838896244015
4000,49.19340771976207,-0.023342494340519382,46.144552176709155,0.618630549873975,-0.1653177554042887,0.7680926262572183,0.06585690962735617,1.0,20.0,1.0,1.3631305045897537
5000,49.19340771976207,-0.023342494340519382,46.144552176709155,0.618630549873975,-0.1653177554042887,0.7680926262572183,0.06585690962735617,1.0,20.0,1.0,1.3631305045897537
2000,49.19340771976207,-0.023342494340519382,46.144552176709155,-0.15406770047219773,-0.9875171946381568,0.03275567073338326,0.06585690962735617,1.0,20.0,1.0,1.3631305045897537
5000,49.19006188814391,-0.02804322270088859,46.14566274140762,-0.8592712816075176,-0.16028730109410316,0.4857580114754075,0.0009831408031703453,1.0,20.0,1.0,1.3632191326539245
2000,49.190880877413704,-0.028652264094027387,46.144705196446886,-0.09646161839484907,0.4567003894323327,-0.8843754352473852,0.0010524709414565113,1.0,20.0,1.0,1.3631884321127687
5000,49.19088076781088,-0.028651907917587982,46.144704489905635,-0.2016102497925915,0.3326241997162263,-0.9212569939716652,0.0009480728488795609,1.0,20.0,1.0,1.3631884738302122
2000,49.19227257469424,-0.028351627656738657,46.144369991572454,0.45574916672001037,-0.5337391082541976,0.7123308650859023,0.0011329794220849528,1.0,20.0,1.0,1.363173531223164
5000,49.19227257469424,-0.028351627656738657,46.144369991572454,0.45574916672001037,-0.5337391082541976,0.7123308650859023,0.0009817171608575155,1.0,20.0,1.0,1.363173531223164
2000,49.192388069971436,-0.02792276358244336,46.14455121797446,-0.9918996467581178,-0.015157078775761113,-0.12611642923943814,0.008892575878247355,1.0,20.0,1.0,1.3631692903684949
5000,49.192351471411804,-0.02802521121582245,46.144562119396475,-0.27377406938609106,0.07618475044284775,-0.9587719451109007,0.0009798147992801797,1.0,20.0,1.0,1.363175208411623
2000,49.19233753183547,-0.02801134675094235,46.144545832591334,0.06727254931864965,-0.8143301104092364,0.5764901346849323,0.0015456352994179137,1.0,20.0,1.0,1.3631735835839913
5000,49.192334611809926,-0.0280232440916804,46.144549427382444,0.7115829374776836,-0.42000225336515734,-0.5632475745698524,0.0009769781683617125,1.0,20.0,1.0,1.3631742614808173
2000,49.19270790391655,-0.025095053640905217,46.14460550251393,-0.18895931100020427,-0.47800493628605684,0.8577911515470953,0.010875782154246163,1.0,20.0,1.0,1.363145502879514
5000,49.192766989314705,-0.025245340517843298,46.14478643362783,0.5108476718038188,-0.8596614544545448,-0.0041036493166773606,0.0007096577232644839,1.0,20.0,1.0,1.3631521532928446
2000,45.92065240647028,0.8512417991300791,42.08109423045084,-0.01732173219009292,-0.5195144830442745,-0.8542860525030096,0.007710319403252439,1.0,20.0,1.0,1.3454838896244015
5000,45.920675769541155,0.8512078076858395,42.080992102065686,0.7690187167215587,0.6220318169475142,-0.14726381781313613,0.000942884182324461,1.0,20.0,1.0,1.345490005932884
2000,44.93868608801484,2.2774819571950724,42.71101768433191,0.31616163627543137,0.9306252340968313,0.1843325619901699,0.010283166156044854,1.0,20.0,1.0,1.3393375953492825
5000,44.93881878681705,2.277582914229793,42.711067359154995,0.5684156908746065,0.5153726709767955,0.6413225494069171,0.0009485843553766114,1.0,20.0,1.0,1.3393430697659157
2000,43.50768230760181,1.4601983063808088,42.82236938950831,-0.28735157635718783,-0.9577502373663482,-0.011981418519648367,0.021334689193596504,1.0,20.0,1.0,1.3338281071586684
5000,43.507185568268774,1.4596216327008682,42.82198401907419,-0.8340027898726012,0.4150255829168219,-0.3635837070184387,0.0009474122548980032,1.0,20.0,1.0,1.3338463710727535
2000,43.50717987974702,1.4597134934413143,42.82197031641097,-0.9637196766641203,-0.021637881855291086,-0.26603794255560687,0.0012820890499852344,1.0,20.0,1.0,1.333842258159078
5000,43.50717867471891,1.4597112063082698,42.8219668225394,0.22794751001170102,0.5558930566362879,0.7993890431217023,0.0009775375307133028,1.0,20.0,1.0,1.3338425163943677
2000,43.507486081535575,1.4600166358539757,42.82230456689146,0.13174714442052182,-0.7540893878794104,0.6434220116103384,0.001839001,1.0,20.0,1.0,1.33383192095224
5000,43.5074891437648,1.4600121579025718,42.82231114576753,0.8546519438846568,-0.1879518390372828,0.4839877694908012,0.0009849543454056248,1.0,20.0,1.0,1.3338323148739775
2000,40.59326252772023,11.214850707415668,43.54326759307822,-0.9648425670666362,0.12469307918412198,0.23136649882782553,0.011845501196741978,1.0,20.0,1.0,1.2997838504466273
5000,40.593179324459555,11.214724786765444,43.54336834064931,-0.7364289299063336,0.6483593122999436,0.19313889652516042,0.0009944981887191008,1.0,20.0,1.0,1.299792386024537
2000,40.593192009732,11.214804765447687,43.543309633178055,0.7333552460165488,0.5320852761829624,-0.42317294574359016,0.0011764439817404649,1.0,20.0,1.0,1.2997874775596743
5000,40.593194752310474,11.214806957186632,43.54330877867977,0.7297686646375275,-0.013488280702956962,-0.6835610890014425,0.0009740350200911142,1.0,20.0,1.0,1.299787666709778
2000,53.0684310011348,25.381638976689548,40.588822215776766,0.5519012777217499,0.8010611279951478,-0.23174565554556026,0.08590311507268966,1.0,20.0,1.0,1.2360515993237255
5000,53.07317103822088,25.39003629128253,40.59164349258006,-0.09663813297566594,0.6195896186998752,-0.7789542834174034,0.0008289435248944571,1.0,20.0,1.0,1.2361670928136175
2000,53.0731704965172,25.390058425409418,40.591616727681505,-0.4803535711870647,-0.5238695538820672,0.7034352402056903,0.0011308015018242157,1.0,20.0,1.0,1.2361650226546452
5000,53.07317020389042,25.390058106273113,40.5916171562075,-0.1882718517636227,-0.7259239278867502,0.6615044676757431,0.000912151211123923,1.0,20.0,1.0,1.2361650532512631
2000,53.07319211412148,25.39006678052619,40.59163236616492,0.11872870508431987,-0.19079271647828516,0.9744237445422999,0.00302354635454897,1.0,20.0,1.0,1.2361632017280786
5000,53.07319255971516,25.390060306879583,40.59165558475445,-0.4601679654112525,-0.5768681251695962,0.6748841454446707,0.0009648448566785222,1.0,20.0,1.0,1.2361643192521248
2000,53.07316674731051,25.390007592135902,40.59159930272658,-0.7485258535417029,0.6580524037615441,0.08170728537479977,0.001525430778169673,1.0,20.0,1.0,1.2361616526001011
5000,53.07316688125103,25.390017452456437,40.591598618884724,0.5113759104422964,0.724771548873216,-0.46173680832616315,0.0008574821146086383,1.0,20.0,1.0,1.2361622474665954
2000,53.07312475252837,25.389820537050152,40.59135735594873,0.5205250294091126,0.811449340541544,0.2657134951283726,0.0012449315816869962,1.0,20.0,1.0,1.2361552552253778
5000,53.073125359950154,25.38982152248831,40.59135759919004,0.5433469510949039,0.836571267202973,0.07016128295779589,0.0009793013110248323,1.0,20.0,1.0,1.2361553150073095
2000,53.07339342285382,25.38970468716442,40.5913143063018,-0.5525649632041307,-0.3323045109199222,-0.7643596492891871,0.007722976041677923,1.0,20.0,1.0,1.2361506946678502
5000,53.07337370332279,25.38956924410655,40.59131990331558,-0.7233093672701238,-0.6825326775695889,-0.10475067192615453,0.0009820451478685245,1.0,20.0,1.0,1.2361566509599962
2000,53.0733905490358,25.38959450941868,40.59129778596336,0.4811605004163926,-0.28017246020181835,0.8306551422723557,0.0010030420479060066,1.0,20.0,1.0,1.2361544944603184
5000,53.0733905490358,25.38959450941868,40.59129778596336,0.2377879094283703,-0.8556597705998608,0.4596773510916964,0.0009714898198625819,1.0,20.0,1.0,1.2361544944603184
2000,53.0734453957127,25.389455459071574,40.5910452732957,-0.4736631340643346,0.7753543723487432,0.4176946644476544,0.002807686130816916,1.0,20.0,1.0,1.2361334467392622
5000,53.07343679344524,25.389483089469014,40.59105113020652,-0.6429888968657245,0.05285700725704778,-0.7640493539629669,0.0009146089687306494,1.0,20.0,1.0,1.2361348523188425
2000,53.07012928381613,25.38554365910404,40.59025763348641,-0.49247611899051,0.3245898313301395,0.8075324845609102,0.0019447815840698424,1.0,20.0,1.0,1.2360841254380404
5000,53.07013296223954,25.385541759727243,40.590267051964375,0.8923997647420283,-0.4501070674170462,-0.03203572614440192,0.0009916567737891665,1.0,20.0,1.0,1.2360847757604139
2000,53.06940987565121,25.383413176617232,40.58933428596927,0.40236956286653797,0.5050117191999272,-0.763584899241286,0.0020195670258083107,1.0,20.0,1.0,1.236066628072792
5000,53.06941340609527,25.383419198039128,40.58932187758382,0.47725969325836415,0.1396015113109223,-0.8676027911611617,0.0009943616184159864,1.0,20.0,1.0,1.2360672616899653
2000,53.069388024997046,25.383318110877966,40.58926476571451,-0.8125409396992445,0.5620609573850347,-0.1544820426330751,0.0022004736475549776,1.0,20.0,1.0,1.2360658260129147
5000,53.06937551383422,25.383329864111094,40.589266992089556,-0.46455236955206547,0.8554060691956198,0.22906669929708146,0.000960943448535537,1.0,20.0,1.0,1.236066576565972
2000,44.33830990389996,10.572570009149683,45.4881882571681,-0.9552930045548574,0.23402010926522637,-0.180692733412401,0.01108495732452098,1.0,20.0,1.0,1.176413096513912
5000,44.33814200126414,10.572588265563791,45.48809626090106,0.43857766354673977,0.8338440582664939,0.3351920636464227,0.0009758987231006462,1.0,20.0,1.0,1.1764203558478719
2000,44.33976416064314,10.567304320848828,45.488344481086294,0.02189618760062758,0.049479483189481435,0.9985350958838954,0.010705640205214804,1.0,20.0,1.0,1.1763920792938964
5000,44.33956516770507,10.567292432196973,45.4884227247762,-0.5580484907540625,0.2838831071555364,-0.7797385866037612,0.0009468433679365246,1.0,20.0,1.0,1.1763976702366075
2000,44.34253693747123,10.55893916445397,45.48946687332371,-0.13741960128420017,-0.03392437723144129,-0.9899318106881655,0.0013593110851023136,1.0,20.0,1.0,1.1763582209971906
5000,44.34253850703846,10.558932071330402,45.489463017315366,0.3085994488241235,0.8822725877320928,-0.3554735730289433,0.0007426288363691731,1.0,20.0,1.0,1.1763587679367002
2000,44.34515453021322,10.551506243063269,45.49013669019725,-0.9682427108445414,-0.21969374030238625,-0.11933446010420287,0.006323441045506893,1.0,20.0,1.0,1.1763282782450153
5000,44.345116985832746,10.551449132760698,45.49010198403556,-0.53193320293022,-0.8410317482823995,0.09855285892072535,0.000978063705894233,1.0,20.0,1.0,1.1763321485369682
2000,44.34548779183734,10.55046288775535,45.49026013394751,-0.10754661470699792,0.08172845131683387,-0.9908350952153525,0.0012701919824492423,1.0,20.0,1.0,1.1763241057726872
5000,44.345487678743574,10.550462951915284,45.49025945060733,-0.1730823238493246,0.14715519965437843,-0.9738520710999169,0.0009687478886693399,1.0,20.0,1.0,1.176324138795176
2000,44.34860997239429,10.537569804711469,45.493007963359624,-0.9627052848291714,-0.023110530477664662,0.269563421003342,0.0057709642190507445,1.0,20.0,1.0,1.1762731798384145
5000,44.34854136917946,10.537616487201669,45.492975908394214,-0.5636704210170761,0.7759502274647042,-0.2831552594742085,0.0009765064516772619,1.0,20.0,1.0,1.1762763740726492
2000,44.34856327513485,10.537607579995157,45.493004037804184,0.6432387443061005,0.07175581288795217,0.762295888182732,0.001839001,1.0,20.0,1.0,1.1762749733882223
5000,44.348567572662546,10.537605211897569,45.493007588010364,0.808909658256269,-0.3019483787090353,0.5044723395536284,0.0009970986122101624,1.0,20.0,1.0,1.176275297006225
2000,44.349062276733804,10.535094078529847,45.49365034459754,0.9014783843009558,0.37694468017873906,-0.21271913577082519,0.0019090789009358097,1.0,20.0,1.0,1.1762634457401406
5000,44.3490641645937,10.535094361081503,45.49365371964685,0.519538365677174,-0.4086248357523164,0.7504036448444819,0.0009990064242487912,1.0,20.0,1.0,1.1762638050322898
2000,44.349966733952925,10.52348756359637,45.49748288961598,-0.17098109734927636,-0.20833117317287672,-0.9629971893176275,0.0013175612092312927,1.0,20.0,1.0,1.176217451807432
5000,44.34996710468663,10.523489565963882,45.4974833882748,0.5235787926723082,0.6651508331279523,0.5323904742320239,0.0009993334450160607,1.0,20.0,1.0,1.1762176555597346
2000,44.349380663284094,10.520153565404414,45.49913305649441,0.9838210248026997,-0.17611736283630705,0.03284609053982339,0.0010295695170334763,1.0,20.0,1.0,1.176203152292749
5000,44.34938092570833,10.520153518426902,45.49913306525577,0.9218350679866434,-0.1327231895248146,0.36414923093756607,0.0009763319411406246,1.0,20.0,1.0,1.176203166330372
2000,44.345436205734224,10.503928781773093,45.512739120440166,0.37571268852862005,0.6268755155982941,0.6825445506499701,0.004890304753718282,1.0,20.0,1.0,1.1761220711285714
5000,44.3454574906358,10.503986648041447,45.512774686281276,0.29524372188121395,-0.90421625156092,-0.3085840486850341,0.0009991276399442539,1.0,20.0,1.0,1.176125392149946
2000,44.34404494541772,10.498186484051397,45.51983731598347,0.15938126496184435,-0.7135049586062662,-0.6822816767460737,0.005649664722318469,1.0,20.0,1.0,1.1760878374435582
5000,44.344080216716534,10.49812382204082,45.51983853624998,-0.6764546580910239,0.7154643383438827,-0.17469938782121255,0.0009998501559756801,1.0,20.0,1.0,1.176090883110578
2000,44.34404520381179,10.498185327294054,45.519836209846325,0.5393689577760157,-0.8309382011964325,0.1364655017946011,0.001540957141912721,1.0,20.0,1.0,1.1760878741118028
5000,44.34404711175082,10.498180232864492,45.519837149363276,-0.02781941482989532,-0.9992997012020045,-0.025023735454706958,0.0009495225641291008,1.0,20.0,1.0,1.1760881458370769
2000,44.3423820365196,10.500610782581735,45.521534550907475,-0.40990756424946684,0.001182339505025276,-0.9121263020242122,0.01844285964592352,1.0,20.0,1.0,1.1760738739652696
5000,44.342073421510754,10.500885805498553,45.52148202654753,0.10535218821019586,-0.13902836663318902,-0.9846684872131488,0.0009876146181870898,1.0,20.0,1.0,1.1760886981136558
2000,44.342230043007255,10.500746111795253,45.521422076754774,-0.23828764570387262,0.7073509369242219,-0.6654875280103538,0.004866349086901049,1.0,20.0,1.0,1.1760776913826338
5000,44.34219491538228,10.500710905022459,45.5214257414385,-0.9239879840765611,-0.25958626617536673,0.28082232050758404,0.0009439624815395311,1.0,20.0,1.0,1.176080506884328
2000,44.3370537787293,10.508473527112423,45.5265414973416,-0.6711748660594903,-0.5458564270988888,0.5015626183886323,0.0025287823174665477,1.0,20.0,1.0,1.1760343991031075
5000,44.33703654624275,10.508469902607716,45.526543747476396,-0.8140343172543152,0.5156699415163034,-0.26726885667595723,0.00092814242783948,1.0,20.0,1.0,1.1760354189109843
2000,44.33261217130959,10.5148893710105,45.53107675143971,-0.7288245365521875,-0.6440727674381346,0.23234686389979942,0.0028424368907193367,1.0,20.0,1.0,1.176001321234866
5000,44.33259590341514,10.514889337132626,45.53109685318652,-0.5154516066090629,0.0422909305971425,0.8558744758627657,0.0009292967347796603,1.0,20.0,1.0,1.17600256105815
2000,44.32539506510449,10.52462835332288,45.53831991434562,-0.17130918048681726,0.49487488334792423,-0.8519108019694984,0.001917946479450662,1.0,20.0,1.0,1.1759496192308485
5000,44.325386706444036,10.524630632252592,45.53831905192112,-0.3563741994879998,-0.5308536630615746,0.768889991060747,0.0009954347654939815,1.0,20.0,1.0,1.1759502969960882
2000,44.32119990490345,10.526968883926695,45.540699076107046,0.6868441203705689,0.4286105421342023,0.5869737281035713,0.002003541549245392,1.0,20.0,1.0,1.1759299061906272
5000,44.321212483629694,10.52697282314409,45.54070348899893,0.848840074380947,0.4066852951789476,0.3377537546943937,0.0009949892227469916,1.0,20.0,1.0,1.1759305465905041
2000,42.257788340217694,11.142679405299527,45.65555861397091,0.21543495677304308,-0.8819937826882153,0.41913571393944743,1.1543519979648835,1.0,20.0,1.0,1.1687340998415632
5000,42.18997403277977,10.869676841027564,45.915989284937496,0.3434649096465903,0.031013058130497956,-0.9386533151631937,0.0008121777255245394,1.0,20.0,1.0,1.1710872679394815
2000,42.18997902760349,10.869800584065203,45.916168027407366,-0.7966601784859872,0.4359667825407966,-0.41864725549763326,0.001839001,1.0,20.0,1.0,1.171080723004117
5000,42.18997004288636,10.869798415636389,45.91616817549444,-0.5611151244229455,-0.6036172060020408,0.5663886349160905,0.0008834181792878029,1.0,20.0,1.0,1.1710814156442233
2000,42.19055063407367,10.869224941920216,45.91765197843671,0.037033045432271844,-0.7671049762954323,-0.6404518005976684,0.001065827947580325,1.0,20.0,1.0,1.171053166256974
5000,42.19055063407367,10.869224941920216,45.91765197843671,0.037033045432271844,-0.7671049762954323,-0.6404518005976684,0.0009720162677306043,1.0,20.0,1.0,1.171053166256974
2000,42.190804325483,10.869295469593588,45.91767975786677,-0.8777797963664165,0.20242076803768955,0.4341986432014315,0.0017100217615728032,1.0,20.0,1.0,1.1710505269964413
5000,42.190800662632036,10.869297024951596,45.917685238727,0.09381408743673411,0.600710525838997,0.7939431850860916,0.0009983400782522926,1.0,20.0,1.0,1.171050856861653
2000,42.19057071797014,10.872581644255378,45.917619556704324,0.17969053420566625,0.44784260020299393,0.8758700345144271,0.0011380688136000835,1.0,20.0,1.0,1.1710208977346575
5000,42.190571454099874,10.872581732537535,45.91762107224871,0.7877640731874203,-0.15118316898784315,0.5971360099759165,0.0009463397125702889,1.0,20.0,1.0,1.1710209890730834
2000,42.1898032913413,10.873148454439654,45.916963051231996,0.7255162748536066,0.4383755939145273,0.5305214167049541,0.00444080688060078,1.0,20.0,1.0,1.1710125532048319
5000,42.189819934268286,10.873094364252056,45.916937699526194,0.450670163351067,0.4974237629998946,-0.7412597411623996,0.0006913646817063516,1.0,20.0,1.0,1.171015761181068
2000,42.189807872380776,10.873148088241097,45.916963699917076,0.9620861290259863,0.18019244180501126,0.20474609703762606,0.0019282882238016148,1.0,20.0,1.0,1.1710127073642569
5000,42.189812877709954,10.873148125620014,45.9169656776753,0.7144702290264688,-0.34937729357526615,0.6061912227745365,0.0009868003545836484,1.0,20.0,1.0,1.1710129482251173
2000,42.18946441307876,10.876480273904598,45.92126178428526,-0.9654671035503999,-0.15409892185883856,0.21006378613160548,0.003216725158296325,1.0,20.0,1.0,1.1709731426366783
5000,42.18943872308591,10.876485588620355,45.92126400388098,-0.10351030380421633,0.9424834993381597,0.3178214443388873,0.0009895305123446474,1.0,20.0,1.0,1.1709748190542322
2000,42.18947595447794,10.877190012834848,45.921728122409675,0.5453145805238029,0.5655360040700836,-0.6187091694557239,0.005498620228819657,1.0,20.0,1.0,1.170967855945845
5000,42.18948602338488,10.877244434630857,45.92170729072095,0.026879979795104342,0.8529316607516881,0.5213300766055817,0.0009828373680153307,1.0,20.0,1.0,1.170971925960918
2000,42.18422716058115,10.890283539025564,45.92656710833955,-0.8601432842619415,0.48381276027869996,-0.16148914369265135,0.0010726533933131297,1.0,20.0,1.0,1.1708559540428514
5000,42.18422667255888,10.890283691182763,45.926567004037956,-0.8089775462298047,-0.01592494824602636,-0.5876237960799118,0.0009511599485531779,1.0,20.0,1.0,1.17085598172442
2000,42.18416092427245,10.89288286895009,45.924288242535916,0.7759608986722918,0.4026404631438462,-0.4855567332155924,0.002765331690299413,1.0,20.0,1.0,1.1708325661509247
5000,42.18417318906447,10.892888864555532,45.92429014164715,0.3311347158891462,-0.8067363227965065,0.4894142472525555,0.000964801116251621,1.0,20.0,1.0,1.1708336086594955
2000,42.18178733597608,10.894542970505352,45.92177149599309,0.3296842090949508,-0.714876954382247,-0.6166516539883754,0.0011485095410767687,1.0,20.0,1.0,1.1708128803133002
5000,42.18178734143494,10.894541264756228,45.92177062930952,-0.05796355421301941,-0.9082623722042229,-0.4143666125799128,0.000960518036730063,1.0,20.0,1.0,1.1708129803468266
2000,42.181072561965145,10.895283775146098,45.920929425513954,0.7794509445538231,-0.1616587819259741,-0.6052459527005224,0.0022220429884689122,1.0,20.0,1.0,1.1708061098072704
5000,42.1810837216425,10.895281489532366,45.920920659490285,0.2522702224907194,-0.9437337699459113,-0.21383710227217556,0.0009834198664225623,1.0,20.0,1.0,1.1708071256972294
2000,42.179654906531894,10.898289453281162,45.919059388428934,0.8696798974452666,-0.28359687932483496,-0.40401693778455067,0.001839001,1.0,20.0,1.0,1.1707864210901224
5000,42.17966215912808,10.8982912689517,45.91905312667767,0.606166447529706,0.24907096294600467,-0.7553316445816144,0.0009465937384001462,1.0,20.0,1.0,1.1707868704896083
2000,42.17850987262846,10.900769893469171,45.91834717862984,0.9527284181932776,-0.10066275192348607,-0.2866628185553997,0.004807526101984127,1.0,20.0,1.0,1.1707717948799654
5000,42.17853051793542,10.900831094211021,45.91833493258421,-0.4153654108133359,0.3135293330159662,-0.8539150618407148,0.0009297239389603814,1.0,20.0,1.0,1.1707745341395714
2000,42.17502175095401,10.905334111052719,45.91662458413833,-0.6850437674822747,-0.11454072410670098,-0.7194410741365854,0.001839001,1.0,20.0,1.0,1.170741670036506
5000,42.17501486034419,10.90532944362799,45.91662491880748,0.16722025575738264,0.29377869747390545,0.9411330739990871,0.0009947121969172369,1.0,20.0,1.0,1.1707421775912612
2000,42.173680198091844,10.906654731898909,45.91584771346516,0.42063511296061196,-0.31488961248230496,-0.8508293798966727,0.009725719788372233,1.0,20.0,1.0,1.1707318328505185
5000,42.173748842348665,10.90661806769446,45.91576537901379,0.665039609369085,-0.25836284547268895,-0.7006931982326287,0.0008843426858549466,1.0,20.0,1.0,1.1707364365677264
2000,42.17308562129072,10.90720833442364,45.915465208954124,-0.32245874822675247,-0.9009677515734492,-0.29030581516173415,0.0016703881073806786,1.0,20.0,1.0,1.1707274755393926
5000,42.17308186482945,10.907203354179718,45.91546361417035,-0.6787978259085091,0.11308942695729801,-0.725564809684394,0.0008618450993107354,1.0,20.0,1.0,1.1707277615934173
2000,42.171655582975106,10.909261774680267,45.913854908355255,0.2448747060628786,0.6215504073859156,0.7441179136460977,0.0010842159367943328,1.0,20.0,1.0,1.1707131251986809
5000,42.17165526380093,10.909262194430882,45.91385552460422,-0.4263405383775355,0.2864035565325373,0.8580249111427167,0.0007713481148051738,1.0,20.0,1.0,1.1707131720712936
2000,42.17098539177554,10.910036415956892,45.91337406677305,-0.7823692399150005,-0.5513722015639368,0.2896326428035377,0.0021515019266776423,1.0,20.0,1.0,1.1707077589142219
5000,42.17098111138304,10.91003841952966,45.91337912332545,-0.6091681267882141,0.29741647048327247,0.7351582390143029,0.0009618279419630291,1.0,20.0,1.0,1.1707081081325996
2000,42.17007875592095,10.911245980683464,45.9127173541259,-0.18961092147955513,-0.7850198755628558,0.5897384957987332,0.002862169377120655,1.0,20.0,1.0,1.1706999626389958
5000,42.17010104924463,10.911242590511108,45.912734872317124,0.8314473159254904,0.43736740442709643,-0.3426442971727424,0.0009612785164174641,1.0,20.0,1.0,1.1707016437297166
2000,42.168806653700514,10.913855540520709,45.911571142219174,0.8892368480660636,-0.033826266551546025,0.4561947081375627,0.010538814584592491,1.0,20.0,1.0,1.170685459093187
5000,42.16900212521276,10.913924776472731,45.91169315094992,0.3681881007284886,-0.34736046776405977,0.8624257811062245,0.0009939059041747084,1.0,20.0,1.0,1.1706936866028577
2000,42.16837236993989,10.915158946416541,45.910913530376675,0.6559947942232057,0.3536129246533536,0.6668048661116351,0.0018279259380363448,1.0,20.0,1.0,1.1706784862240704
5000,42.16837738814444,10.9151591586765,45.91092118996928,0.7994863692202275,-0.5373936072947537,0.26838341280673395,0.0009700784648459301,1.0,20.0,1.0,1.1706789404654503
2000,42.16741328461816,10.91792979642389,45.90940377591437,-0.08176715030920384,-0.7026296033631186,-0.706842113635074,0.0016380069816806244,1.0,20.0,1.0,1.170663432103075
5000,42.16740629615772,10.917922730637464,45.909399480166805,-0.6887626371682132,0.554911418842892,-0.4665611930699516,0.000999950765960574,1.0,20.0,1.0,1.1706640249170992
2000,42.16560810359169,10.921674260290299,45.90886521807194,-0.48553228102532126,-0.37435270198253634,-0.7900116825723041,0.0010954264631658408,1.0,20.0,1.0,1.1706442781749138
5000,42.16560766218787,10.921673598838101,45.908864417231946,-0.37127589556893037,-0.6699076664180638,-0.6429447315623585,0.0009556820343364904,1.0,20.0,1.0,1.1706443368546866
2000,42.16350828519807,10.929102402481648,45.903488081617255,-0.6703388961100425,-0.7150008649467577,-0.19854351534955225,0.00398891434290224,1.0,20.0,1.0,1.170600302026719
5000,42.16349497728282,10.929088807652558,45.90349255901777,-0.8694051463743654,0.34655252695694133,0.352187503352301,0.0009957171245002262,1.0,20.0,1.0,1.170601774866045
2000,42.15531817683267,10.936759857039279,45.89977078504299,-0.6257371219833896,-0.7613683142018737,-0.169621178811319,0.0014053584969682673,1.0,20.0,1.0,1.170542739905296
5000,42.15531442551183,10.936757212795799,45.899771987465016,-0.4801291341610603,-0.12407911650482342,0.8683780210122394,0.0009836483678127743,1.0,20.0,1.0,1.170542974146084
2000,42.15126992705842,10.9405723815214,45.89912654122058,-0.3372326977067113,-0.5873764370221826,0.7357058031771807,0.002792230045823011,1.0,20.0,1.0,1.1705182592769412
5000,42.15125809405765,10.940568265824842,45.89914078946662,-0.8373101048070597,0.031127819657801925,-0.5458414121623075,0.0009665554906903563,1.0,20.0,1.0,1.1705190923085507
2000,42.14767725577732,10.946039012429257,45.89638379676648,-0.6495263652547953,0.693381919092157,0.31198880607318535,0.001839001,1.0,20.0,1.0,1.1704873463898464
5000,42.147667911067046,10.946049811840117,45.89638817727479,0.7425999946816217,0.1746939834727464,0.6465502764961741,0.0009739613341859391,1.0,20.0,1.0,1.1704880704092042
2000,42.145897733673245,10.951429517847055,45.894457257627884,-0.7419983255543912,-0.3303516076086502,-0.5833577806328298,0.0012442267447915606,1.0,20.0,1.0,1.1704616583743888
5000,42.14589535080403,10.951428885083422,45.894456630531025,-0.8264242123449892,0.07885449500659536,0.557498869834925,0.0009983005343963218,1.0,20.0,1.0,1.170461797631386
2000,42.1449390862835,10.958504966907874,45.892982838134174,-0.8501154178038016,-0.17871721477869032,0.4953422388147564,0.0013238693077259013,1.0,20.0,1.0,1.1704307507788774
5000,42.14493765744523,10.95850294259885,45.89298267159781,0.6136643752711369,0.5981608362329724,-0.5153830114780232,0.0009790988390511808,1.0,20.0,1.0,1.170430956532188
2000,42.13969096232173,10.965950086190563,45.886713196148946,-0.3123977622807299,-0.9301265214656076,-0.1930603330264439,0.027297655721273108,1.0,20.0,1.0,1.1703829724857981
5000,42.13962475762194,10.965147808433395,45.886427362651524,-0.013148339044774998,0.8134049608552861,0.5815492161772499,0.0009985013232759446,1.0,20.0,1.0,1.1704113090405552
2000,42.13951387409392,10.965219716096547,45.88653084215486,0.6812414666673742,0.3411441489340991,-0.647711921876473,0.0019357710472671203,1.0,20.0,1.0,1.170405350457571
5000,42.13951793561689,10.96521220092525,45.88652246469716,-0.29130214230228424,-0.956177845595084,0.029444685144250145,0.0007444236764761842,1.0,20.0,1.0,1.17040621382828
2000,42.13956521359022,10.965198671360879,45.8865946086431,-0.7242541326777227,-0.457477543149091,0.5159169010737209,0.0013770142749476315,1.0,20.0,1.0,1.1704038878892564
5000,42.13956214684785,10.96519915754127,45.88659805766409,-0.8405675400013707,-0.5367246437665185,-0.0732998463146273,0.0009917246562129586,1.0,20.0,1.0,1.1704042147337532
2000,42.13859405188529,10.966017549625946,45.88596294042243,-0.233123154640161,0.14283693166703929,0.9618997898547259,0.0013324062790075497,1.0,20.0,1.0,1.1703772111611992
5000,42.13859227444882,10.966017628307982,45.88596651826153,-0.8700707064266919,0.17270037027127458,0.4616833849363896,0.0009825339548790082,1.0,20.0,1.0,1.1703774187798432
2000,42.12288023384219,10.96419378342411,45.876055309195884,0.2584393334506155,0.9656134987595766,0.02827864810931633,0.0012446354342586406,1.0,20.0,1.0,1.1702996990624337
5000,42.12288249370536,10.964196964340843,45.87605193834197,0.4191788280197336,0.7140619711584855,-0.5607179428957672,0.0009998290160925735,1.0,20.0,1.0,1.1702999817086857
2000,42.11593649383245,10.96495879275893,45.869753625752814,0.7110970792331397,0.21118131308604496,-0.6706291053252549,0.0013024797075572706,1.0,20.0,1.0,1.1702614354078134
5000,42.115938398318775,10.96495914997172,45.86975278780349,0.9285290532365522,0.2552624161038264,-0.26958281885251684,0.0009182325790861152,1.0,20.0,1.0,1.1702615373506964
2000,42.1171097144787,10.964542796757433,45.85879502341352,-0.31324085756780784,0.6678915111666918,-0.6751304277409348,0.0012262382522828627,1.0,20.0,1.0,1.1702122662885994
5000,42.11710897764888,10.964545473852684,45.858792384971935,0.11222492261869381,0.6489266767460597,-0.7525288931001543,0.0009750649128789266,1.0,20.0,1.0,1.1702124619312775
2000,42.118805322437204,10.963170040713381,45.856423871043,-0.1446316502085411,-0.9442980366187355,0.2956059941813694,0.005598443863420741,1.0,20.0,1.0,1.1701993439404919
5000,42.1188313137137,10.963137207090021,45.85638811109832,0.9551927598772737,0.05103595272824597,-0.29155123564676716,0.000866915708453278,1.0,20.0,1.0,1.1702022343497651
2000,42.123573821105005,10.958834484507646,45.847670138050475,0.2923081898807688,0.9551008763592207,-0.0483553317275036,0.007599568560726827,1.0,20.0,1.0,1.1701559606395457
5000,42.12364592714158,10.958829158640928,45.847655353904095,-0.30431090054212556,-0.948673031872882,-0.08610664555279458,0.0009871035002679295,1.0,20.0,1.0,1.170160208619955
2000,42.127653673952636,10.95396380611738,45.84120553964395,0.101293151071288,0.65662419095357,-0.7473850208564653,0.0016669664694163367,1.0,20.0,1.0,1.1701197907488214
5000,42.12765559449569,10.95396882114633,45.84119948796126,0.5554986214758518,-0.14097187111850928,-0.8194804531480755,0.0009699507958137146,1.0,20.0,1.0,1.1701202748900132
2000,42.1352888454333,10.944868537139731,45.83069830655008,-0.4960183842877338,-0.7095270386222274,-0.5005368556985171,0.0011058488282876377,1.0,20.0,1.0,1.1700562651190598
5000,42.135288429732775,10.944867942502981,45.83069788706275,-0.22010285945424912,-0.8221115960932889,-0.5250592869657751,0.0009901649540909815,1.0,20.0,1.0,1.1700563083192388
2000,42.14006374009908,10.944566716583392,45.82554202390054,-0.2910027684580177,0.4579206181518608,0.8400155333213707,0.0011289765846844303,1.0,20.0,1.0,1.1700288528604674
4000,42.140003497918755,10.9446615134013,45.82571592041534,-0.2910027684580177,0.4579206181518608,0.8400155333213707,0.0011289765846844303,1.0,20.0,1.0,1.1700295433908587
5000,42.140003497918755,10.9446615134013,45.82571592041534,-0.2910027684580177,0.4579206181518608,0.8400155333213707,0.0011289765846844303,1.0,20.0,1.0,1.1700295433908587
2000,42.140003497918755,10.9446615134013,45.82571592041534,0.5167602551361306,0.7750109447620702,-0.36375386487382416,0.0011289765846844303,1.0,20.0,1.0,1.1700295433908587
5000,42.14000653673789,10.944665183879351,45.82571562592606,0.8545538746085583,0.3345837422718908,-0.39722964994929294,0.0009951712433603351,1.0,20.0,1.0,1.170029808286894
2000,42.141479832789294,10.944595400094258,45.824188347491074,0.3808844459304898,0.7038207340781455,0.5996360672357226,0.0021858460801084728,1.0,20.0,1.0,1.1700212427019312
5000,42.141476728202505,10.944598562922113,45.8242020513642,0.30905397935354595,-0.9471832905666386,0.08561221826989922,0.00098466266160182,1.0,20.0,1.0,1.1700221439348975
2000,42.14317107386761,10.944631549452888,45.82257325068218,-0.7977601805308677,0.6027212965623386,-0.01748522317760716,0.0015357804111440347,1.0,20.0,1.0,1.1700121580492056
5000,42.14316654137797,10.944633871143576,45.822569115554906,-0.215898939790013,-0.7974250532833594,-0.5634722106666659,0.0008272589265362903,1.0,20.0,1.0,1.1700125323066628
2000,42.15676693874021,10.942807703694415,45.81138289137083,0.5648839759716799,0.32592168040851505,0.7580772730600202,0.0023554967280489244,1.0,20.0,1.0,1.1699429577938891
5000,42.15676286594394,10.942812575404501,45.81138697501006,-0.9513853716865204,-0.07523086203453114,-0.298674056353147,0.0009961294124250218,1.0,20.0,1.0,1.1699436354400647
2000,42.16255827156957,10.941570570581133,45.807567836177064,-0.026850796036020145,-0.972777605339256,-0.23017985425022494,0.0011798558296175503,1.0,20.0,1.0,1.169915929799799
5000,42.16255808323853,10.941567966099457,45.807567782535386,-0.31482836780210943,-0.8780319601327495,0.36047604055263016,0.0009879770906198848,1.0,20.0,1.0,1.1699160654610574
2000,42.16863656507668,10.94155982464033,45.80321115906607,-0.5646970977159812,0.13983406790785655,-0.8133656135364271,0.002043907035805365,1.0,20.0,1.0,1.1698873361261934
5000,42.16864519750855,10.941551694058418,45.80321410997065,0.8074434298572747,-0.4553796800406557,0.375052602425834,0.000764050099335475,1.0,20.0,1.0,1.1698880509257523
2000,42.17665416871967,10.940949394229238,45.79892087073301,-0.5255119429021753,0.6031055154561481,-0.600084106683017,0.0013327974237835624,1.0,20.0,1.0,1.1698526497569506
5000,42.17665318557089,10.940951183144756,45.79891880254059,-0.28501672890763724,0.4834138793702776,-0.8276934731378334,0.0009767061672802423,1.0,20.0,1.0,1.1698527941196617
2000,42.190119147739644,10.939953507505093,45.79393586022772,-0.8762262234624238,-0.03193496644334854,-0.4808406838392954,0.003201755153011214,1.0,20.0,1.0,1.169798037475301
5000,42.19009212524278,10.93994127117267,45.793934546928455,-0.5212281459833461,0.6766375082657615,0.5200797075859288,0.0009872514485775735,1.0,20.0,1.0,1.1697996445979049
2000,42.19376833197059,10.93940972011786,45.79308464760269,0.23701954117534946,0.9685535550483776,0.07566867320216561,0.0011160293968820432,1.0,20.0,1.0,1.1697837142799212
5000,42.19376884668736,10.939412174922339,45.79308520198612,-0.6809589047489774,0.06867660768846572,0.7290942967816149,0.0009932496466083056,1.0,20.0,1.0,1.1697838632909014
2000,42.20576941442963,10.939781879006167,45.79124900866167,-0.3356103625777294,0.7116156764314332,-0.6172267116606985,0.0016570386164809203,1.0,20.0,1.0,1.1697371374725358
5000,42.205764626200875,10.939784778797973,45.79124980864378,-0.249270557929701,0.04254933929966845,0.9674987042237201,0.0009837601750075956,1.0,20.0,1.0,1.169737458163316
2000,42.214213137188594,10.942420384770136,45.78790728036441,-0.4901530921834536,0.8439914689154169,-0.21778050101190374,0.0010336826665519265,1.0,20.0,1.0,1.169701706923213
5000,42.21421300644525,10.942420609896262,45.78790722227368,-0.4901530921834536,0.8439914689154169,-0.21778050101190374,0.0008402034941863382,1.0,20.0,1.0,1.1697017209329639
2000,42.220835318247616,10.943465883417709,45.784167523298215,-0.05317164784957459,0.9761534161976159,0.2104691994347034,0.0023670146002975,1.0,20.0,1.0,1.169673099064404
5000,42.22083793566329,10.943484527954572,45.784162607107085,-0.1047358293693608,0.9849298148322226,0.1376359905725078,0.000980679044843127,1.0,20.0,1.0,1.1696740531766712
2000,42.22949989923433,10.945180106289971,45.779669161195976,-0.31393508904767525,0.49527738841637364,0.8100278195149132,0.001839001,1.0,20.0,1.0,1.169635564785081
5000,42.22950163465979,10.945180509635904,45.779673545862174,-0.9655118082718016,-0.2576273494314416,-0.03761777389274365,0.0009542946154676139,1.0,20.0,1.0,1.169635977787537
2000,42.23062608204174,10.945563165966957,45.77814435641755,0.16226307556461583,0.8969729275729685,0.4112301806889785,0.0013315156488638816,1.0,20.0,1.0,1.1696283889064087
5000,42.23062387813661,10.945565941945825,45.77814755358948,-0.4238018861024295,0.20585650689339777,0.8820516197511752,0.0009874427734152668,1.0,20.0,1.0,1.1696286462853362
2000,42.240341929269654,10.95455875314866,45.762202788524185,-0.09731059598244399,-0.7416430724501604,-0.6636988782544594,0.0011094740620266293,1.0,20.0,1.0,1.1695504036955964
5000,42.240341938208736,10.95455793867738,45.76220206638309,0.03370359232483283,-0.5496951142828997,-0.8346851796922665,0.000996185153005496,1.0,20.0,1.0,1.169550460515718
2000,42.241736704796715,10.956918611086095,45.759642603366125,0.42541882284589494,0.1766745909145942,0.8875837504672861,0.001966739733340398,1.0,20.0,1.0,1.1695365755053941
5000,42.24173449167783,10.95692215761311,45.75964997057573,-0.8086331195176221,-0.2552491985421218,0.530056907004148,0.0009135523747044729,1.0,20.0,1.0,1.1695370473133595
2000,42.24644208325919,10.964389234559391,45.75187228629605,0.41245295636271234,-0.8524685763964427,-0.32121625899739376,0.006488673618701528,1.0,20.0,1.0,1.1694932631326518
5000,42.246445629561876,10.964447946015971,45.75181645837928,0.11749412772346296,0.853680318847209,0.5073707157133043,0.000999123308075657,1.0,20.0,1.0,1.1694972735048363
2000,42.24646099601972,10.964419838428542,45.75181508443061,0.46358693447667254,0.591739442320953,-0.6594934317976249,0.0012412593059547494,1.0,20.0,1.0,1.1694954779386737
5000,42.246461934830506,10.964421666375655,45.751813116481344,0.07551365960286274,0.4319755319406949,-0.8987184358952122,0.0009755313744044302,1.0,20.0,1.0,1.1694956205913514
2000,42.24646638526585,10.964390488829096,45.75183723033726,-0.6104562399867266,0.3088742561680735,-0.7293420822480265,0.0013801795194396923,1.0,20.0,1.0,1.1694944752142977
5000,42.246463857926294,10.964392327587687,45.75183378095412,-0.6769160938077439,0.4119142420198654,-0.6100092287541766,0.0009560217436697197,1.0,20.0,1.0,1.1694947060071872
2000,42.25015205240066,10.970308125337809,45.74676428472563,0.759111103048295,-0.26465490882697484,0.5947336483356114,0.004504863800491152,1.0,20.0,1.0,1.1694614378587085
5000,42.250168708997734,10.97027647800281,45.746755163307014,-0.5730595297581071,-0.7838511814829173,-0.23912360954379305,0.0009830198200143296,1.0,20.0,1.0,1.1694647598322139
2000,42.25240459260339,10.975616231125004,45.742445318118236,-0.6187378086016173,-0.5682234275642998,-0.5424810232385526,0.010118155223987724,1.0,20.0,1.0,1.1694348947537896
5000,42.252602572384,10.975536135381086,45.742463987069335,0.12933715901460568,0.9896277219190597,0.06252096694168108,0.000804134119401174,1.0,20.0,1.0,1.1694430357283172
2000,42.254391132347564,10.981900501270037,45.737312476007666,-0.6782706764040402,-0.33560086689337165,-0.6536979024525191,0.0027717192250731153,1.0,20.0,1.0,1.1694043177003768
5000,42.25437373554446,10.981894843899914,45.737291153106796,0.9207292290876806,-0.028725603620524454,0.389143323725645,0.0009960871740305006,1.0,20.0,1.0,1.169405517058786
2000,42.25652989210342,10.987891052444503,45.73206579995404,-0.5129453061954157,-0.3583245064814536,-0.7800581138010899,0.004237925950917067,1.0,20.0,1.0,1.1693740844077787
5000,42.25651139989668,10.98786993326358,45.73202648794209,0.7415561703748771,-0.5156996686560441,0.42912503763704124,0.0009910749902899666,1.0,20.0,1.0,1.1693757105440616
2000,42.259999638926544,10.993832537264241,45.725152440490966,0.2753173645169647,-0.7909780528992366,-0.5464010144821888,0.0015567862591513541,1.0,20.0,1.0,1.1693384093893506
5000,42.26000609531722,10.993827300001463,45.725151790684656,-0.0894499353815437,0.9920680931027378,0.08831538771774279,0.0009878035639988708,1.0,20.0,1.0,1.169338860328031
2000,42.26562579136401,11.0073553906202,45.71038311335081,-0.6524284907330316,-0.5717740992518966,-0.49740470836583445,0.0010506136849508874,1.0,20.0,1.0,1.1692613720006684
5000,42.26562579136401,11.0073553906202,45.71038311335081,-0.5682582943975452,-0.6796820071180109,-0.46380478657343027,0.0009003693669371408,1.0,20.0,1.0,1.1692613720006684
2000,42.26586240587051,11.01267602666222,45.70626400910998,0.09034215810642143,0.5113584196632915,0.8546056757991579,0.001839001,1.0,20.0,1.0,1.1692369399826759
5000,42.26586315348996,11.012677781465603,45.70627013496979,0.5144232364653539,-0.4651724389868157,0.7204049804044721,0.0009894806381226637,1.0,20.0,1.0,1.1692373193839947
2000,42.26746173444689,11.021220848696949,45.701877370528955,-0.42569311069055604,-0.3811064984198019,-0.8206967846731186,0.001965854382785357,1.0,20.0,1.0,1.1692016997258516
5000,42.26745918097109,11.021217151860077,45.701870716398076,0.6112326484880217,0.34015531112152586,-0.7146250861382747,0.0009779847585060226,1.0,20.0,1.0,1.1692021824504266
2000,42.26737962450458,11.022895505166058,45.701035781661815,0.8190318457585491,-0.11931680590581456,-0.5612043615847778,0.001326552318659512,1.0,20.0,1.0,1.1691949117438618
5000,42.267382973022634,11.022896142716736,45.70103552656179,0.9362524043666256,-0.3152505133365158,0.15507594642231115,0.000984843417687331,1.0,20.0,1.0,1.169195114455635
2000,42.26509007596245,11.037481023031484,45.694205520446694,0.927859681421663,0.32272773130241594,0.18687756162922825,0.0011363702998917805,1.0,20.0,1.0,1.1691367052496944
5000,42.26509253484518,11.037481810673453,45.69420611856955,0.8976216544067908,0.08497632332047599,0.4324978497229206,0.000988731187338146,1.0,20.0,1.0,1.16913684069743
2000,42.26325500701083,11.052525326225563,45.688739636081415,-0.3021869768008335,0.2679030803607981,0.9148283831326881,0.0011389833285816045,1.0,20.0,1.0,1.1690791330524632
5000,42.26325419458248,11.05252672173672,45.68874138510194,-0.3877979211578088,0.8069830178891162,0.4454112495034858,0.0009948132742784899,1.0,20.0,1.0,1.169079256438433
2000,42.26349887580837,11.049768191668763,45.68966608103589,0.7732192079037111,0.06356597020592261,0.6309448660228064,0.00891109029182978,1.0,20.0,1.0,1.1690895428705872
5000,42.26351424277468,11.049847055043083,45.68981360487905,-0.7602174623102707,0.6329568489652504,0.1464070945907796,0.0009998315879646228,1.0,20.0,1.0,1.169094813173769
2000,42.26220645480695,11.066203714037595,45.68522649900914,-0.8117137856535775,0.03806079820050206,0.5828139547233566,0.0010438119494459483,1.0,20.0,1.0,1.1690287805635735
5000,42.26220534972863,11.066203858968066,45.68522721849268,-0.2786498059793242,0.3033169347666073,0.9112371385712255,0.0009962192527869292,1.0,20.0,1.0,1.1690288503765789
2000,42.26216599141305,11.071139804506169,45.68425268820437,0.5158347634270825,0.2119611046113331,0.8300524001363224,0.0012302597875746015,1.0,20.0,1.0,1.169010928007467
5000,42.26216516887258,11.071141878592206,45.684254022866135,-0.24250138959496126,-0.4077315159093392,-0.8803113579744297,0.000985625353289638,1.0,20.0,1.0,1.169011255563224
2000,42.26281038596793,11.088835963122724,45.68041169845112,-0.8271212659797499,-0.1463151166292478,-0.5426438039910028,0.0054326739010390965,1.0,20.0,1.0,1.168946662163262
5000,42.262848459747254,11.088849833503533,45.680337134204684,0.8277964250994272,0.4412096267074608,0.34653592006207984,0.0007707937980665106,1.0,20.0,1.0,1.1689501291424396
2000,42.263720410291356,11.096717252241891,45.677717090195216,-0.0536314761975157,0.22981347848988581,0.9717558488968585,0.0015144304656782512,1.0,20.0,1.0,1.1689169722120916
5000,42.26371883001914,11.09671909623993,45.67771792131372,-0.5744542736711534,0.23153563793231483,0.7851073403224704,0.0007151662062155306,1.0,20.0,1.0,1.1689171692562308
2000,42.26484116945043,11.109588281339141,45.6722138078184,0.8682824565504221,0.20596139545396525,0.45129311896972263,0.0013915837293934478,1.0,20.0,1.0,1.1688672978940218
5000,42.26484595752052,11.109591519321492,45.67221439641348,-0.3338175119957667,-0.41937233011411845,-0.8442112990357397,0.0009904917836629304,1.0,20.0,1.0,1.1688676160498455
2000,42.262416987661716,11.124890046312036,45.66433305901712,0.7737997646521169,0.4434753540973975,0.45228700460273724,0.00450038104860877,1.0,20.0,1.0,1.1688055442340173
5000,42.26246326831847,11.124903240344786,45.66431151260957,0.5354425914343675,-0.35968878344086486,-0.7641499920466397,0.000997951024595156,1.0,20.0,1.0,1.1688083150024395
2000,42.262480969692746,11.124682014983476,45.664446817938725,-0.8350046312289873,-0.10867976130425847,0.5394033512215065,0.013766013530716539,1.0,20.0,1.0,1.1688064060053664
5000,42.262433524473465,11.124544448866898,45.664423476798476,-0.7735382783963394,-0.03880527367972253,-0.6325604181343232,0.0009473708295469759,1.0,20.0,1.0,1.1688146765738672
2000,42.260013755333546,11.133568524106053,45.65988823144509,-0.9229284817042502,0.34853127816635826,0.1634899562627992,0.001839001,1.0,20.0,1.0,1.1687703030390613
5000,42.260018222834475,11.133571367093536,45.65989280160834,0.9564218149835996,0.2919841691617595,0.0015989941821012016,0.0009816858420214987,1.0,20.0,1.0,1.1687707935151634
2000,42.25919783586314,11.136908910043639,45.65830083358326,0.32080141587142996,0.4531031293248605,0.831735538359943,0.0010871992515515756,1.0,20.0,1.0,1.1687570296081768
5000,42.259198136441334,11.136908865742548,45.65830202811921,-0.04376847842399331,-0.6995890484115131,0.7132036761256363,0.0009925776281340564,1.0,20.0,1.0,1.168757107723021
2000,42.25862348100775,11.139260327005381,45.65718340753517,0.0969002551409398,0.258149255417554,0.9612332196095716,0.0011210167328726838,1.0,20.0,1.0,1.168747685966123
5000,42.25862331170694,11.139260716102905,45.65718583456635,-0.33300089420402595,0.020513863175741786,0.9427033392732443,0.000728652938356313,1.0,20.0,1.0,1.168747815951192
